{"cameraMode":{"drawMode":0,"name":"Shaded","section":"Shading Mode"},"sceneLighting":false,"audioPlay":false,"sceneViewState":{"showFog":true,"showMaterialUpdate":false,"showSkybox":true,"showFlares":true,"showImageEffects":true,"showParticleSystems":true},"in2DMode":false,"pivot":{"x":-0.3267976641654968,"y":-2.3500711917877199,"z":8.87451171875},"rotation":{"x":0.0885094553232193,"y":-0.9087249040603638,"z":0.24886703491210938,"w":0.32318779826164248},"size":2.8578836917877199,"orthographic":false}