{"cameraMode":{"drawMode":0,"name":"Shaded","section":"Shading Mode"},"sceneLighting":false,"audioPlay":false,"sceneViewState":{"showFog":true,"showMaterialUpdate":false,"showSkybox":true,"showFlares":true,"showImageEffects":true,"showParticleSystems":true},"in2DMode":false,"pivot":{"x":14.950011253356934,"y":0.8599282503128052,"z":-22.3200740814209},"rotation":{"x":0.0885094553232193,"y":-0.9087249040603638,"z":0.24886703491210938,"w":0.32318779826164248},"size":7.526854991912842,"orthographic":false}