{"cameraMode":{"drawMode":0,"name":"Shaded","section":"Shading Mode"},"sceneLighting":false,"audioPlay":false,"sceneViewState":{"showFog":true,"showMaterialUpdate":false,"showSkybox":true,"showFlares":true,"showImageEffects":true,"showParticleSystems":true},"in2DMode":false,"pivot":{"x":0.3631419241428375,"y":-0.707728922367096,"z":-0.042308636009693149},"rotation":{"x":0.0885094553232193,"y":-0.9087249040603638,"z":0.24886703491210938,"w":0.32318779826164248},"size":4.152498722076416,"orthographic":false}