{"cameraMode":{"drawMode":0,"name":"Shaded","section":"Shading Mode"},"sceneLighting":false,"audioPlay":false,"sceneViewState":{"showFog":true,"showMaterialUpdate":false,"showSkybox":true,"showFlares":true,"showImageEffects":true,"showParticleSystems":true},"in2DMode":false,"pivot":{"x":-0.4721464514732361,"y":0.22017380595207215,"z":-0.06570000946521759},"rotation":{"x":0.0885094627737999,"y":-0.9087249636650086,"z":0.24886703491210938,"w":0.32318779826164248},"size":28.596593856811525,"orthographic":false}