{"cameraMode":{"drawMode":0,"name":"Shaded","section":"Shading Mode"},"sceneLighting":false,"audioPlay":false,"sceneViewState":{"showFog":true,"showMaterialUpdate":false,"showSkybox":true,"showFlares":true,"showImageEffects":true,"showParticleSystems":true},"in2DMode":false,"pivot":{"x":-1.4608739614486695,"y":0.4911530911922455,"z":-0.8294912576675415},"rotation":{"x":0.09237519651651383,"y":-0.8923706412315369,"z":0.21300354599952699,"w":0.3870026171207428},"size":6.528934001922607,"orthographic":false}