{"cameraMode":{"drawMode":0,"name":"Shaded","section":"Shading Mode"},"sceneLighting":false,"audioPlay":false,"sceneViewState":{"showFog":true,"showMaterialUpdate":false,"showSkybox":true,"showFlares":true,"showImageEffects":true,"showParticleSystems":true},"in2DMode":false,"pivot":{"x":0.0,"y":-0.36250001192092898,"z":0.13281530141830445},"rotation":{"x":-0.11982251703739166,"y":0.7272258996963501,"z":-0.1314387023448944,"w":-0.6629546880722046},"size":2.393965482711792,"orthographic":false}