{"cameraMode":{"drawMode":0,"name":"Shaded","section":"Shading Mode"},"sceneLighting":false,"audioPlay":false,"sceneViewState":{"showFog":true,"showMaterialUpdate":false,"showSkybox":true,"showFlares":true,"showImageEffects":true,"showParticleSystems":true},"in2DMode":false,"pivot":{"x":-0.49427539110183718,"y":0.9911162853240967,"z":0.6427119374275208},"rotation":{"x":0.1084311455488205,"y":-0.7468016743659973,"z":0.12574169039726258,"w":0.6439868807792664},"size":1.4445903301239014,"orthographic":false}