{"cameraMode":{"drawMode":0,"name":"Shaded","section":"Shading Mode"},"sceneLighting":false,"audioPlay":false,"sceneViewState":{"showFog":true,"showMaterialUpdate":false,"showSkybox":true,"showFlares":true,"showImageEffects":true,"showParticleSystems":true},"in2DMode":false,"pivot":{"x":0.04841097444295883,"y":1.0863465070724488,"z":-0.6841522455215454},"rotation":{"x":-0.006494846194982529,"y":0.9916520714759827,"z":-0.055401235818862918,"w":-0.11625310033559799},"size":3.6573710441589357,"orthographic":false}