{"cameraMode":{"drawMode":0,"name":"Shaded","section":"Shading Mode"},"sceneLighting":false,"audioPlay":false,"sceneViewState":{"showFog":true,"showMaterialUpdate":false,"showSkybox":true,"showFlares":true,"showImageEffects":true,"showParticleSystems":true},"in2DMode":false,"pivot":{"x":0.0,"y":1.5499999523162842,"z":0.20000001788139344},"rotation":{"x":0.12113521993160248,"y":-0.7254297137260437,"z":0.1322384923696518,"w":0.6645230650901794},"size":1.146126627922058,"orthographic":false}