{"cameraMode":{"drawMode":0,"name":"Shaded","section":"Shading Mode"},"sceneLighting":false,"audioPlay":false,"sceneViewState":{"showFog":true,"showMaterialUpdate":false,"showSkybox":true,"showFlares":true,"showImageEffects":true,"showParticleSystems":true},"in2DMode":false,"pivot":{"x":0.0,"y":0.3500000238418579,"z":1.4901161193847657e-8},"rotation":{"x":0.2102634608745575,"y":-0.5940380096435547,"z":0.16460298001766206,"w":0.7588241100311279},"size":10.746278762817383,"orthographic":false}