{"cameraMode":{"drawMode":0,"name":"Shaded","section":"Shading Mode"},"sceneLighting":false,"audioPlay":false,"sceneViewState":{"showFog":true,"showMaterialUpdate":false,"showSkybox":true,"showFlares":true,"showImageEffects":true,"showParticleSystems":true},"in2DMode":false,"pivot":{"x":0.0,"y":-0.44999998807907107,"z":-0.10000000149011612},"rotation":{"x":0.2102634608745575,"y":-0.5940380096435547,"z":0.16460298001766206,"w":0.7588241100311279},"size":4.8741350173950199,"orthographic":false}