{"cameraMode":{"drawMode":0,"name":"Shaded","section":"Shading Mode"},"sceneLighting":false,"audioPlay":false,"sceneViewState":{"showFog":true,"showMaterialUpdate":false,"showSkybox":true,"showFlares":true,"showImageEffects":true,"showParticleSystems":true},"in2DMode":false,"pivot":{"x":14.950011253356934,"y":0.8599282503128052,"z":-22.3200740814209},"rotation":{"x":0.04180045425891876,"y":-0.9581559896469116,"z":0.1955346316099167,"w":0.20483191311359406},"size":3.8557679653167726,"orthographic":false}