{"cameraMode":{"drawMode":0,"name":"Shaded","section":"Shading Mode"},"sceneLighting":false,"audioPlay":false,"sceneViewState":{"showFog":true,"showMaterialUpdate":false,"showSkybox":true,"showFlares":true,"showImageEffects":true,"showParticleSystems":true},"in2DMode":false,"pivot":{"x":-0.3267976641654968,"y":-2.3500711917877199,"z":8.87451171875},"rotation":{"x":0.08686865121126175,"y":-0.8127949237823486,"z":0.12559498846530915,"w":0.5621781349182129},"size":2.8578836917877199,"orthographic":false}