{"cameraMode":{"drawMode":0,"name":"Shaded","section":"Shading Mode"},"sceneLighting":false,"audioPlay":false,"sceneViewState":{"showFog":true,"showMaterialUpdate":false,"showSkybox":true,"showFlares":true,"showImageEffects":true,"showParticleSystems":true},"in2DMode":false,"pivot":{"x":33.36068344116211,"y":5.524288654327393,"z":9.926945686340332},"rotation":{"x":-0.06203126162290573,"y":-0.2710808515548706,"z":0.017508307471871377,"w":-0.9603962302207947},"size":22.0,"orthographic":false}