{"cameraMode":{"drawMode":0,"name":"Shaded","section":"Shading Mode"},"sceneLighting":false,"audioPlay":false,"sceneViewState":{"showFog":true,"showMaterialUpdate":false,"showSkybox":true,"showFlares":true,"showImageEffects":true,"showParticleSystems":true},"in2DMode":false,"pivot":{"x":-0.13471944630146027,"y":1.089385747909546,"z":1.326606035232544},"rotation":{"x":0.17730151116847993,"y":-0.6372155547142029,"z":0.1539127379655838,"w":0.7340514063835144},"size":4.7384233474731449,"orthographic":false}